{
  "manifest": {
    "version": "0.1",
    "type": "hscf_information"
  },

  "data": {
    "package": {
      "name": "Test Contract",
      "description": "Contract for virtualization testing",
      "version": "0.1"
    },
    "installer": {
      "filename": "install.sh",
      "md5": "<hash here>",
      "permissions": ["package-installer"]
    },
    "runner": {
      "filename": "run_prg.sh",
      "md5": "<hash here>",
      "permissions": ["hdn_access:0.1", "internet", "sys_data", "net_threading:0.1"]
    },
    "files": {
      "prg.py": {
          "md5": "<hash here>"
      }
    }
  }
}